sample_id,glucose_mg_dl,dob,sex,enrollment_site,notes,quality_flags
S0001,145.9,1962-07-09,Female,Site B,,
S0002,146.1,1974-12-16,Male,Site C,,
S0003,84.2,1953-11-24,Female,Site B,,dob_century_reviewed;two_digit_year_review
S0004,120.0,1957-02-27,Female,Site B,,
S0005,138.3,1997-12-02,Male,Site B,,
S0006,2881.11,1968-12-05,Female,Site C,,source_value_unit_review
S0007,206.0,1969-09-04,,Site A,,sex_unknown
S0008,229.3,1999-08-20,Female,Site C,,
S0009,185.0,1995-07-19,Male,Site C,,
S0010,215.2,1951-10-01,Female,Site C,re-draw requested,source_note_review
S0011,2973.003,1961-07-09,Male,Site A,,dob_century_reviewed;two_digit_year_review;source_value_unit_review
S0012,110.4,1996-06-07,,Site A,re-draw requested,two_digit_year_review;sex_missing;source_note_review
S0013,2032.453,1952-10-26,Female,Site B,,source_value_unit_review
S0014,144.0,1958-09-12,Female,Site B,,dob_century_reviewed;two_digit_year_review
S0015,1855.875,1998-02-11,Male,Site B,,two_digit_year_review;source_value_unit_review
S0016,157.4,1958-05-15,,Site B,,sex_missing
S0017,123.4,2015-07-16,,Site A,,two_digit_year_review;sex_missing
S0018,82.2,1957-03-10,Female,Site B,,
S0019,190.6,2000-09-16,Male,Site A,,
S0020,108.4,2000-07-05,Female,Site B,,
S0021,88.6,2004-11-16,Male,Site C,,
S0022,233.0,2006-11-25,,Site A,,sex_missing
S0023,83.5,1999-06-30,Male,Site A,,two_digit_year_review
S0024,114.9,1953-07-31,Female,Site C,,
S0025,202.6,1965-11-19,Male,Site A,,dob_century_reviewed;two_digit_year_review
S0026,3909.949,1953-06-22,Female,Site A,,dob_century_reviewed;two_digit_year_review;source_value_unit_review
S0027,161.7,1956-03-24,Female,Site C,,
S0028,179.1,1988-12-26,Female,Site B,,
S0029,222.6,2009-08-04,Female,Site C,,
S0030,168.6,1984-01-06,Male,Site B,,
S0031,85.3,1995-11-11,Male,Site C,,two_digit_year_review
S0032,229.5,1992-08-17,,Site B,,sex_unknown
S0033,114.9,2012-06-07,Male,Site B,,two_digit_year_review
S0034,3673.911,1995-04-15,,Site A,,two_digit_year_review;sex_unknown;source_value_unit_review
S0035,130.5,1956-12-13,Female,Site A,,
S0036,145.6,1987-04-21,,Site C,,sex_missing
S0037,2145.968,2015-11-28,,Site A,re-draw requested,sex_unknown;source_value_unit_review;source_note_review
S0038,171.6,1997-12-02,,Site B,,sex_unknown
S0039,4345.99,1980-04-12,Male,Site C,,two_digit_year_review;asterisk_annotation;source_value_unit_review
S0040,105.9,2008-06-21,Male,Site A,,
S0041,89.5,1965-01-20,Male,Site A,,
S0042,209.0,2006-04-10,Female,Site C,,asterisk_annotation
S0043,148.0,1951-02-19,,Site A,,dob_century_reviewed;two_digit_year_review;sex_unknown
S0044,218.6,1998-04-13,,Site B,,two_digit_year_review;sex_unknown
S0045,223.2,1984-01-01,Male,Site B,,
S0046,143.2,1967-02-21,Female,Site C,,
S0047,2983.814,1977-06-21,,Site B,,sex_unknown;source_value_unit_review
S0048,1962.182,1978-04-23,Male,Site A,,source_value_unit_review
S0049,166.1,1966-02-05,Male,Site C,re-draw requested,source_note_review
S0050,149.3,2001-07-02,,Site B,,sex_unknown
S0051,216.0,2011-08-02,Male,Site A,,
S0052,172.4,1989-09-20,,Site A,,sex_unknown
S0053,2585.612,1999-07-10,Male,Site A,,source_value_unit_review
S0054,168.0,2006-01-28,,Site A,,sex_unknown
S0055,2884.714,2011-10-14,,Site A,,sex_unknown;source_value_unit_review
S0056,77.2,2010-06-30,Male,Site B,,
S0057,88.8,1986-08-20,Female,Site C,,
S0058,142.8,1972-08-23,Female,Site C,,
S0059,2682.91,1968-04-06,Male,Site A,,source_value_unit_review
S0060,186.6,1970-02-27,,Site A,,sex_unknown
