sample_id,patient_name,dob,sex,enrollment_site,glucose_mg_dl,raw_dob,raw_sex,raw_glucose_value,raw_glucose_unit,notes,quality_flags
S0001,A. Nguyen,1962-07-09,Female,Site B,145.9,07/09/1962,F,145.9,mg/dL,,
S0002,T. Patel,1974-12-16,Male,Site C,146.1,12/16/1974,Male,146.1,MG/DL,,
S0003,R. Martinez,2053-11-24,Female,Site B,84.2,11.24.53,F,84.2,MG/DL,,future_dob;two_digit_year_review
S0004,A. Patel,1957-02-27,Female,Site B,120.0,1957-02-27,F,120.0,MG/DL,,
S0005,B. Martinez,1997-12-02,Male,Site B,138.3,1997-12-02,Male,138.3,mg/dl,,
S0006,R. Kim,1968-12-05,Female,Site C,2881.11,05-Dec-1968,Female,159.9,mmol/L,,source_value_unit_review
S0007,T. Martinez,1969-09-04,,Site A,206.0,1969-09-04,unknown,206.0,mg/dL,,sex_unknown
S0008,K. Davis,1999-08-20,Female,Site C,229.3,08/20/1999,F,229.3,MG/DL,,
S0009,S. Davis,1995-07-19,Male,Site C,185.0,07/19/1995,m,185.0,mg/dl,,
S0010,A. Martinez,1951-10-01,Female,Site C,215.2,10/01/1951,f,215.2,mg/dl,re-draw requested,source_note_review
S0011,B. Davis,2061-07-09,Male,Site A,2973.003,07.09.61,Male,165.0,mmol/L,,future_dob;two_digit_year_review;source_value_unit_review
S0012,T. Johnson,1996-06-07,,Site A,110.4,06.07.96,,110.4,MG/DL,re-draw requested,two_digit_year_review;sex_missing;source_note_review
S0013,A. Patel,1952-10-26,Female,Site B,2032.453,26-Oct-1952,F,112.8,mmol/L,,source_value_unit_review
S0014,K. Kim,2058-09-12,Female,Site B,144.0,09.12.58,f,144.0,mg/dL,,future_dob;two_digit_year_review
S0015,B. Patel,1998-02-11,Male,Site B,1855.875,02.11.98,Male,103.0,mmol/L,,two_digit_year_review;source_value_unit_review
S0016,A. Davis,1958-05-15,,Site B,157.4,1958-05-15,,157.4,mg/dl,,sex_missing
S0017,K. Nguyen,2015-07-16,,Site A,123.4,07.16.15,,123.4,mg/dL,,two_digit_year_review;sex_missing
S0018,J. Smith,1957-03-10,Female,Site B,82.2,1957-03-10,F,82.2,mg/dl,,
S0019,B. Kim,2000-09-16,Male,Site A,190.6,16-Sep-2000,m,190.6,MG/DL,,
S0020,B. Smith,2000-07-05,Female,Site B,108.4,07/05/2000,F,108.4,MG/DL,,
S0021,K. Davis,2004-11-16,Male,Site C,88.6,11/16/2004,m,88.6,mg/dl,,
S0022,M. Johnson,2006-11-25,,Site A,233.0,25-Nov-2006,,233.0,mg/dL,,sex_missing
S0023,S. Lee,1999-06-30,Male,Site A,83.5,06.30.99,M,83.5,mg/dl,,two_digit_year_review
S0024,S. Johnson,1953-07-31,Female,Site C,114.9,31-Jul-1953,Female,114.9,mg/dL,,
S0025,M. Lee,2065-11-19,Male,Site A,202.6,11.19.65,M,202.6,MG/DL,,future_dob;two_digit_year_review
S0026,J. Garcia,2053-06-22,Female,Site A,3909.949,06.22.53,Female,217.0,mmol/L,,future_dob;two_digit_year_review;source_value_unit_review
S0027,T. Johnson,1956-03-24,Female,Site C,161.7,24-Mar-1956,f,161.7,MG/DL,,
S0028,S. Smith,1988-12-26,Female,Site B,179.1,26-Dec-1988,f,179.1,mg/dL,,
S0029,M. Johnson,2009-08-04,Female,Site C,222.6,04-Aug-2009,f,222.6,MG/DL,,
S0030,M. Kim,1984-01-06,Male,Site B,168.6,1984-01-06,m,168.6,mg/dL,,
S0031,K. Brown,1995-11-11,Male,Site C,85.3,11.11.95,Male,85.3,MG/DL,,two_digit_year_review
S0032,J. Smith,1992-08-17,,Site B,229.5,08/17/1992,unknown,229.5,mg/dl,,sex_unknown
S0033,B. Kim,2012-06-07,Male,Site B,114.9,06.07.12,M,114.9,mg/dL,,two_digit_year_review
S0034,K. Martinez,1995-04-15,,Site A,3673.911,04.15.95,unknown,203.9,mmol/L,,two_digit_year_review;sex_unknown;source_value_unit_review
S0035,K. Patel,1956-12-13,Female,Site A,130.5,13-Dec-1956,Female,130.5,mg/dL,,
S0036,T. Johnson,1987-04-21,,Site C,145.6,04/21/1987,,145.6,mg/dL,,sex_missing
S0037,T. Kim,2015-11-28,,Site A,2145.968,2015-11-28,unknown,119.1,mmol/L,re-draw requested,sex_unknown;source_value_unit_review;source_note_review
S0038,K. Lee,1997-12-02,,Site B,171.6,12/02/1997,U,171.6,mg/dL,,sex_unknown
S0039,R. Patel,1980-04-12,Male,Site C,4345.99,04.12.80,m,241.2*,mmol/L,,two_digit_year_review;asterisk_annotation;source_value_unit_review
S0040,R. Patel,2008-06-21,Male,Site A,105.9,06/21/2008,M,105.9,mg/dL,,
S0041,K. Nguyen,1965-01-20,Male,Site A,89.5,01/20/1965,Male,89.5,mg/dL,,
S0042,M. Garcia,2006-04-10,Female,Site C,209.0,2006-04-10,F,209.0*,mg/dL,,asterisk_annotation
S0043,B. Davis,2051-02-19,,Site A,148.0,02.19.51,unknown,148.0,MG/DL,,future_dob;two_digit_year_review;sex_unknown
S0044,S. Martinez,1998-04-13,,Site B,218.6,04.13.98,unknown,218.6,MG/DL,,two_digit_year_review;sex_unknown
S0045,K. Martinez,1984-01-01,Male,Site B,223.2,01-Jan-1984,M,223.2,mg/dl,,
S0046,S. Davis,1967-02-21,Female,Site C,143.2,02/21/1967,Female,143.2,mg/dl,,
S0047,M. Kim,1977-06-21,,Site B,2983.814,21-Jun-1977,unknown,165.6,mmol/L,,sex_unknown;source_value_unit_review
S0048,M. Garcia,1978-04-23,Male,Site A,1962.182,04/23/1978,Male,108.9,mmol/L,,source_value_unit_review
S0049,M. Nguyen,1966-02-05,Male,Site C,166.1,05-Feb-1966,M,166.1,MG/DL,re-draw requested,source_note_review
S0050,K. Garcia,2001-07-02,,Site B,149.3,02-Jul-2001,unknown,149.3,mg/dl,,sex_unknown
S0051,K. Garcia,2011-08-02,Male,Site A,216.0,08/02/2011,Male,216.0,MG/DL,,
S0052,M. Davis,1989-09-20,,Site A,172.4,20-Sep-1989,U,172.4,mg/dL,,sex_unknown
S0053,B. Lee,1999-07-10,Male,Site A,2585.612,07/10/1999,Male,143.5,mmol/L,,source_value_unit_review
S0054,M. Nguyen,2006-01-28,,Site A,168.0,2006-01-28,U,168.0,mg/dl,,sex_unknown
S0055,S. Brown,2011-10-14,,Site A,2884.714,14-Oct-2011,U,160.1,mmol/L,,sex_unknown;source_value_unit_review
S0056,A. Garcia,2010-06-30,Male,Site B,77.2,06/30/2010,m,77.2,mg/dl,,
S0057,K. Garcia,1986-08-20,Female,Site C,88.8,20-Aug-1986,f,88.8,mg/dl,,
S0058,A. Brown,1972-08-23,Female,Site C,142.8,23-Aug-1972,F,142.8,mg/dL,,
S0059,K. Brown,1968-04-06,Male,Site A,2682.91,06-Apr-1968,Male,148.9,mmol/L,,source_value_unit_review
S0060,A. Davis,1970-02-27,,Site A,186.6,02/27/1970,unknown,186.6,mg/dl,,sex_unknown
